クラブ,略称,本拠地,会場ID,表記揺れ,代替会場,根拠,注意
佐賀バルーナーズ,佐賀,SAGAアリーナ,100046,,,当季 4試合（当季 4 / 前季 30）,
アルティーリ千葉,A千葉,ちばぎんアリーナ,100126,,千葉ポートアリーナ(30),当季 2試合（当季 2 / 前季 30）,前季の最頻は 千葉ポートアリーナ（30試合）
長崎ヴェルカ,長崎,ハピネスアリーナ,100070,,横浜アリーナ(3),当季 3試合（当季 3 / 前季 37）,
仙台89ERS,仙台,ゼビオアリーナ仙台,186,,,当季 3試合（当季 3 / 前季 30）,
秋田ノーザンハピネッツ,秋田,ＣＮＡアリーナ★あきた,185,CNAアリーナ☆あきた,ナイスアリーナ（由利本荘アリーナ）(2),当季 1試合（当季 1 / 前季 30）,
横浜ビー・コルセアーズ,横浜BC,横浜BUNTAI,100054,,横浜国際プール(22) / 横浜アリーナ(2),当季 2試合（当季 2 / 前季 30）,前季の最頻は 横浜国際プール（22試合）
富山グラウジーズ,富山,YKK APアリーナ,100116,,富山県総合体育センター(11) / 黒部市総合体育センター(10) / 富山県西部体育センター(7) / ありそドーム(2),当季 3試合（当季 3 / 前季 30）,前季の最頻は 富山県総合体育センター（11試合）
三遠ネオフェニックス,三遠,豊橋市総合体育館,169,,浜松アリーナ(6),前季 24試合（当季 0 / 前季 30）,当季のホーム戦が無く、前季から採った
滋賀レイクス,滋賀,滋賀ダイハツアリーナ,100034,,,当季 3試合（当季 3 / 前季 30）,
京都ハンナリーズ,京都,にっしんでんきアリーナ京都(京都市体育館),100101,,ハンナリーズアリーナ(22) / 島津アリーナ(4),当季 4試合（当季 4 / 前季 30）,前季の最頻は ハンナリーズアリーナ（22試合）。同じ建物と思われる別ID: 227=ハンナリーズアリーナ（名称からの推定）
大阪エヴェッサ,大阪,おおきにアリーナ舞洲,526,,大浜だいしんアリーナ(堺市大浜体育館)(1),当季 3試合（当季 3 / 前季 30）,
琉球ゴールデンキングス,琉球,沖縄サントリーアリーナ,100084,,,当季 1試合（当季 1 / 前季 32）,
レバンガ北海道,北海道,北海きたえーる,47,,よつ葉アリーナ十勝(1),当季 4試合（当季 4 / 前季 30）,
宇都宮ブレックス,宇都宮,日環アリーナ栃木メインアリーナ,100003,日環アリーナ栃木,とちぎん・ブレックスアリーナ宇都宮(1) / ブレックスアリーナ宇都宮(23),当季 2試合（当季 3 / 前季 32）,前季の最頻は ブレックスアリーナ宇都宮（23試合）。とちぎん・ブレックスアリーナ宇都宮(100122) と ブレックスアリーナ宇都宮(7) は同じ建物と思われる（名称からの推定）
千葉ジェッツ,千葉J,LaLa arena TOKYO-BAY,100069,,船橋アリーナ(1),当季 2試合（当季 2 / 前季 33）,
アルバルク東京,A東京,TOYOTA ARENA TOKYO,100087,,,当季 3試合（当季 3 / 前季 30）,当季この会場を本拠とする他クラブ: 東京SR
茨城ロボッツ,茨城,アダストリアみとアリーナ,537,,日立市池の川さくらアリーナ(14) / かみす防災アリーナ(4),当季 3試合（当季 3 / 前季 30）,前季の最頻は 日立市池の川さくらアリーナ（14試合）
群馬クレインサンダーズ,群馬,オープンハウスアリーナ太田,100045,,,当季 4試合（当季 4 / 前季 30）,
信州ブレイブウォリアーズ,信州,ホワイトリング,250,,,当季 2試合（当季 2 / 前季 0）,
神戸ストークス,神戸,GLION ARENA KOBE,100075,,,当季 3試合（当季 3 / 前季 0）,
島根スサノオマジック,島根,バンダイナムコアリーナ松江(松江市総合体育館),100121,,島根県立浜山体育館（カミアリーナ）(28) / 鳥取県民体育館(2),当季 3試合（当季 3 / 前季 30）,前季の最頻は 島根県立浜山体育館（カミアリーナ）（28試合）。同じ建物と思われる別ID: 283=松江市総合体育館（名称からの推定）
広島ドラゴンフライズ,広島,広島グリーンアリーナ,115,広島県立総合体育館,広島サンプラザホール(24) / エフピコアリーナふくやま(4),当季 2試合（当季 2 / 前季 30）,前季の最頻は 広島サンプラザホール（24試合）
東京サンロッカーズ,東京SR,TOYOTA ARENA TOKYO,100087,,青山学院記念館(24) / 国立代々木競技場第二体育館(3) / ひがしんアリーナ(墨田区総合体育館)(2),当季 4試合（当季 4 / 前季 30）,前季の最頻は 青山学院記念館（24試合）。当季この会場を本拠とする他クラブ: A東京
川崎ブレイブサンダース,川崎,東急ドレッセとどろきアリーナ,100086,,,当季 2試合（当季 2 / 前季 30）,
シーホース三河,三河,ウィングアリーナ刈谷,4,,スカイホール豊田(8) / 刈谷市体育館(2) / 岡崎中央総合公園総合体育館(2) / IGアリーナ(2),前季 18試合（当季 0 / 前季 32）,当季のホーム戦が無く、前季から採った
名古屋ダイヤモンドドルフィンズ,名古屋D,IGアリーナ,100089,,,前季 30試合（当季 0 / 前季 30）,当季のホーム戦が無く、前季から採った
