player_id,name
10258,土屋 アリスター時生
10297,田原 隆徳
10815,安藤 周人
10820,杉浦 佑成
10821,中村 太地
10831,テレンス・ウッドベリー
10832,澁田 怜音
10834,アンドリュー・ランダル
10842,三ツ井 利也
10848,中山 拓哉
10849,伊藤 達哉
10850,関野 剛平
10851,森井 健太
10852,水野 幹太
10878,保岡 龍斗
10885,青木 ブレイク
10893,松本 健児リオン
10894,柏倉 哲平
11309,山﨑 一渉
12577,馬場 雄大
12582,アレックス・カーク
12598,ジョシュ・ホーキンソン
12605,髙比良 寛治
12633,ジョシュア・スミス
12634,エリック・ジェイコブセン
12642,アンジェロ・チョル
12658,飯田 鴻朗
14301,齋藤 拓実
14302,今村 佳太
15750,木田 貴明
15752,岡田 雄三
15756,阿部 諒
15811,佐藤 卓磨
15815,井上 宗一郎
15817,青木 保憲
15818,葛原 大智
15826,飯田 遼
15829,長谷川 暢
15834,半澤 凌太
15838,平岩 玄
15853,野﨑 零也
18148,寺園 脩斗
18166,マーキース・カミングス
18399,長野 誠史
18429,大崎 裕太
18430,グラント・ジェレット
18433,ロスコ・アレン
18441,トレイ・ジョーンズ
18461,岸田 篤生
18475,岡田 侑大
18478,久岡 幸太郎
18845,中村 功平
19755,富永 啓生
19956,シェーファー アヴィ幸樹
19957,熊谷 航
19998,盛實 海翔
20017,ケビン・ジョーンズ
20021,吉井 裕鷹
20023,松山 駿
20024,前田 悟
20025,ナナー ダニエル弾
20031,中野 司
20034,木下 誠
20037,佐々木 隆成
22399,アレン・ダーラム
22401,岡田 泰希
22405,鶴巻 啓太
22486,鎌田 真
22491,森山 修斗
22497,コー・フリッピン
25267,ハビエル・カーター
26874,ジョーダン・ヒース
26886,マット・ボンズ
26888,井上 諒汰
26889,中西 佑介
26890,メイヨ ニック
26912,ショーン・オマラ
26914,ジャック・クーリー
26921,セバスチャン・サイズ
26922,チャールズ・ジャクソン
26926,ホール 百音 アレックス
27048,ダマ ムッサ
30347,笹倉 怜寿
30348,小酒部 泰暉
30349,中村 浩陸
30351,大倉 颯太
30396,三谷 桂司朗
30397,栗原 翼
30398,牧 隼利
30399,納見 悠仁
30400,寺嶋 良
30401,大庭 岳輝
30402,前田 怜緒
30403,西田 優大
30405,モッチ ラミン
30434,松脇 圭志
30436,星野 曹樹
30437,山口 颯斗
30438,テーブス 海
30443,ウィタカ ケンタ
30458,荒川 颯
30459,平良 彰吾
30463,ジャワラ ジョゼフ
30465,赤穂 雷太
30466,佐藤 誠人
30469,久保田 義章
30510,中村 ジャズ
30511,金久保 翔
30512,杉本 天昇
30513,大浦 颯太
30515,ジャメール・マクリーン
30519,細川 一輝
30521,ラシード ファラーズ
30522,鈴木 悠介
30526,渡辺 翔太
32952,パブロ・アギラール
32953,菅原 暉
32956,須藤 昂矢
32958,村岸 航
32980,サーディ・ラベナ
32982,角野 亮伍
32983,駒水 大雅 ジャック
32984,エリエット・ドンリー
32988,ケニー・ローソン・ジュニア
32989,LJ・ピーク
32992,ジェームズ・マイケル・マカドゥ
32995,アイザイア・マーフィー
33026,森田 雄次
33032,ジャスティン・ハーパー
33035,パトリック・アウダ
33036,ヤン ジェミン
33040,ロバーツ ケイン
33045,アレックス・デイビス
33085,D.J・ニュービル
33095,リード・トラビス
33097,ドウェイン・エバンス
33100,レイナルド・ガルシア
36414,ワース・スミス
42537,元澤 誠
42539,小栗 瑛哉
42616,狩野 富成
43452,ダモンテ・ドッド
46920,ジュリアン・デュクリー
49493,山際 爽吾
49518,伊藤 治輝
49996,シリル・ニースミス
5100000006,池田 祐一
5100000011,津屋 一球
5100000012,荒谷 裕秀
5100000014,佐土原 遼
5100000015,川真田 紘也
5100000016,八村 阿蓮
5100000017,土家 大輝
5100000021,星川 堅信
5100000022,米須 玲音
5100000023,中村 拓人
5100000024,キング 開
5100000025,兪 龍海
5100000026,笹山 陸
5100000027,坂本 聖芽
5100000028,野本 大智
5100000030,植松 義也
5100000031,金田 龍弥
5100000032,駒沢 颯
5100000033,小川 麻斗
5100000034,ジャン・ローレンス・ハーパージュニア
5100000035,渡部 琉
5100000036,高島 紳司
5100000039,上澤 俊喜
5100000040,常田 耕平
5100000044,遠藤 善
5100000046,スコット・エサトン
5100000048,コティ・クラーク
5100000049,渡邉 飛勇
5100000051,アレックス・マーフィー
5100000054,ジョン・ムーニー
5100000055,クリストファー・スミス
5100000056,ジェレミー・ジョーンズ
5100000062,キーファー・ラベナ
5100000066,木村 圭吾
5100000069,レイ・パークスジュニア
5100000079,チェイス・フィーラー
5100000081,アイザック・フォトゥ
5100000087,トビン マーカス海舟
5100000088,ニック・ケイ
5100000090,マーク・バートン
51000100,マックス・ヒサタケ
51000101,ライアン・クリーナー
51000102,ドワイト・ラモス
51000104,マシュー・アキノ
51000108,星野 京介
51000111,角田 太輝
51000112,二上 耀
51000113,飯尾 文哉
51000116,脇 真大
51000117,小西 聖也
51000118,宮本 一樹
51000119,加藤 嵩都
51000122,石橋 侑磨
51000123,松下 裕汰
51000124,宇都宮 陸
51000132,横地 聖真
51000133,岡島 和真
51000135,相原 アレクサンダー学
51000136,野﨑 由之
51000137,上田 隼輔
51000138,松本 礼太
51000144,ネイサン・ブース
51000145,ケリー・ブラックシアー・ジュニア
51000148,スタントン・キッド
51000150,モサク ダミロラ
51000155,鎌田 隼
51000158,ブロック・モータム
51000159,ジョナサン・ウィリアムズ
51000160,ヤンテ・メイテン
51000163,ケヴェ・アルマ
51000166,ヴィック・ロー
51000171,トーマス・ウェルシュ
51000172,ジェームズ・ベル
51000173,ケーレブ・ターズースキー
51000177,榎田 拓真
51000178,ディクソンジュニア タリキ
51000180,トロイ・マーフィージュニア
51000187,マシュー・ライト
51000188,高橋 快成
51000189,ブランドン・アシュリー
51000190,山崎 凜
51000192,トレイ・ポーター
51000202,内藤 耀悠
51000209,スティーブ・ザック
51000216,コフィ・コーバーン
51000222,今西 優斗
51000227,松崎 裕樹
51000228,小川 敦也
51000230,武内 理貴
51000232,淺野 ケニー
51000233,益子 拓己
51000234,島谷 怜
51000235,浅井 修伍
51000236,湧川 颯斗
51000239,東海林 奨
51000240,武藤 俊太朗
51000252,小針 幸也
51000259,カイ・ソット
51000264,アラン・ウィリアムズ
51000267,金近 廉
51000268,アーロン・ヘンリー
51000269,アンジェロ・カロイアロ
51000271,デイビッド・ダジンスキー
51000275,ワイリー 光希スカイ
51000277,ロバート・フランクス
51000278,ティム・ソアレス
51000280,アンソニー・クレモンズ
51000285,四家 魁人
51000290,レオナルド・メインデル
51000291,アルトゥーラス・グダイティス
51000292,トーマス・ウィンブッシュ
51000294,ヴォーディミル・ゲルン
51000296,ジョン・ハーラー
51000297,アーロン・ホワイト
51000301,エージェー・エドゥ
51000304,ジャレル・ブラントリー
51000305,若野 瑛太
51000307,市川 真人
51000311,大庭 圭太郎
51000312,ザック・オーガスト
51000313,ジェイク・レイマン
51000317,ヨーリ・チャイルズ
51000318,ダラル・ウィリス ジュニア
51000319,キャメロン・ジャクソン
51000321,デレク・パードン
51000335,タナー・ライスナー
51000341,力久 嵩彪
51000342,阿部 真冴橙
51000343,江原 信太朗
51000344,永野 威旺
51000345,菅原 佳依
51000349,木林 優
51000350,菊地 広人
51000352,渡邉 伶音
51000353,内尾 聡理
51000354,髙木 拓海
51000359,黒川 虎徹
51000361,元田 大陽
51000362,西田 公陽
51000365,佐藤 武
51000374,ルーク・メイ
51000376,大石 空汰
51000379,イ ヒョンジュン
51000380,神田 壮一郎
51000382,游 艾喆
51000383,佐藤 巧
51000384,ガディアガ モハマド アルバシール
51000385,クリスチャン・メコウル
51000388,岡部 雅大
51000389,平 寿哉
51000390,ヤニス・モラン
51000391,アリゼ・ジョンソン
51000392,サッシャ・キリヤ・ジョーンズ
51000393,テリー・アレン
51000394,マイク・コッツァー
51000395,アキル・ミッチェル
51000396,ライアン・ルーサー
51000397,ヨハネス・ティーマン
51000398,サン シャオ
51000399,ザイラン・チータム
51000400,フィン・ディレイニー
51000406,ゲイリー・クラーク
51000408,曾 祥鈞
51000409,クリスティアーノ・フェリシオ
51000410,マーク・スミス
51000412,ダミアン・イングリス
51000413,ジェハイヴ・フロイド
51000416,デイビッド・ヌワバ
51000425,石川 裕大
51000426,ミッチェル・ライトフット
51000428,渡邊 雄太
51000429,マイケル・オウ
51000430,ディー・ジェイ・ホグ
51000431,菅野 ブルース
51000435,田中 晴瑛
51000438,オルフェミ・オルジョビ
51000439,塚本 智裕
51000440,富山 仁貴
51000441,山内 ジャヘル琉人
51000443,平松 克樹
51000445,新沼 康生
51000446,市場 脩斗
51000447,佐藤 涼成
51000451,内藤 晴樹
51000452,長谷川 比源
51000454,根本 大
51000457,轟 琉維
51000458,介川 アンソニー翔
51000461,星川 開聖
51000464,泉 登翔
51000467,瀬川 琉久
51000468,前野 幹太
51000470,西田 陽成
51000473,福永 健太
51000479,陳岡 流羽
51000480,タナー・グローヴス
51000481,浅井 英矢
51000482,十返 翔里
51000486,崎濱 秀斗
51000489,タイラー・クック
51000490,ブランドン・デイヴィス
51000491,伊久江 ロイ英輝
51000494,ドゥシャン・リスティッチ
51000496,ドンテ・グランタム
51000497,ディディ・ロウザダ
51000498,小澤 飛悠
51000499,ジェイク幸輝・ホルツ
51000500,フランシス・ロペス
51000501,マイロ・マーフィー
51000502,須藤 タイレル拓
51000509,マーカス・フォスター
51000510,エマニュエル・テリー
51000511,セクー・ドゥムブヤ
51000512,ジャレル・マーティン
51000513,オマール・ジャマレディン
51000514,ジャリル・オカフォー
51000515,ラウリー・アルキンズ
51000516,ダリアス・デイズ
51000517,ナシール・リトル
51000518,加藤 ダニエル
51000520,ジョーダン・ダラス
51000521,ヤニー・ウェッツェル
51000522,アリ・メザー
51000523,キアヌ・ピンダー
51000524,トレイ・ケル
51000525,ジェイミー・マロンゾ
51000528,マイク・ダウム
51000529,スタンリー・ジョンソン
51000530,セルジオ・エル ダーウィッチ
51000531,ジャレット・カルバー
51000532,ブーバカー・トゥーレ
51000533,デイボン・リード
51000536,ジャモルコ・ピケット
51000540,ティム・シュナイダー
51000547,中島 三千哉
51000550,松村 竜吾
51000552,児玉 ジュニア
51000553,江原 行佐
51000554,岡田 大河
51000560,フランク・カミンスキー
51000561,デイミアン・ドットソン
51000562,松本 秦
51000563,松野 遥弥
51000564,深水 虎太郎
51000566,浅井 弘士郎
51000576,クエンティン・ミロラ・ブラウン
51000577,佐藤 凪
51000578,マリアル・シャヨク
51000581,稲田 貫大
51000583,赤間 賢人
51000584,金山 颯
51000585,西部 秀馬
51000586,岩下 准平
51000588,堀 陽稀
51000589,佐古 竜誠
51000590,田中 流嘉州
51000591,新井 楽人
51000592,針間 大知
51000593,月岡 熙
51000599,堀田 尚秀
51000600,岩屋 頼
51000601,ギャリソン・ブルックス
51000603,新井 翔太
51000604,武富 楓太
51000605,佐藤 瑠一シャンドレイ
51000611,キャメロン・マクガスティ
51000612,ゼイビア・スニード
51000620,ソン ギョチャン
51000622,ルーカス・サレー
51000623,オーティス・フレイジャー
51000625,ジェイムズ・パルマージュニア
51000627,ジェイデン・リディ
51000635,ファーダウス・アイマク
51000636,ジェイレン・マクダニエルズ
51000637,マークイーズ・ボールデン
51000638,デメトレ・リバース
51000639,マイケル・フィリップス
51000641,ネイト・ウィリアムズ
51000642,マット・コステロ
51000647,キヨンテ・ジョンソン
51000648,ラクラン・オルブリッチ
51000653,ヴィット・ブラウン
51000654,テレンス・デイビス
51000655,ジェイク・ヴァン・タバーゲン
51000658,キーボン・ハリス
51000659,マーカス・リー
51000661,ブライソン・ウィリアムズ
51000662,マーク・アルーホリー
51000666,デクスター・デニス
51000670,リーヴァイ・ランドルフ
51000671,ジャオ バイチン
51000675,アイザイア・リバース
51000681,アミール・シムズ
51000682,ブライアン・アンゴラ
51000683,デリック・マイケル・エクスザビエロ
51000692,山本 大扇
51000710,モハメド-アリ・アブドゥル-ラフマン
51000715,エルジー・ギル
52433,ジョーダン・ナタイ
55000123,小川 瑛次郎
55000162,大森 康瑛
55000203,阿部 竜大
55000567,佐取 龍之介
55000578,関谷 間
55000589,西村 優真
55000719,田中 大貴
55000818,井伊 拓海
55000966,安藤 煌太朗
55000968,春田 結斗
55000969,小川 莞大
55000970,梶原 悠真
55000971,丹野 路和
55000974,小松 亮太
55000981,プラット 聖也
8447,ベンドラメ 礼生
8449,大塚 裕土
8452,アイラ・ブラウン
8456,小島 元基
8463,狩野 祐介
8467,安藤 誓哉
8468,田口 成浩
8469,菅澤 紀行
8470,谷口 大智
8479,菊池 真人
8481,片岡 大晴
8482,藤井 祐眞
8483,晴山 ケビン
8484,篠山 竜青
8486,野本 建吾
8487,辻 直人
8488,谷口 光貴
8489,鎌田 裕也
8492,長谷川 技
8493,永吉 佑也
8494,須田 侑太郎
8496,橋本 晃佑
8497,遠藤 祐亮
8498,熊谷 尚也
8499,渡邉 裕規
8500,古川 孝敏
8501,水戸 健史
8503,宇都 直輝
8504,山崎 稜
8507,多嶋 朝飛
8516,中東 泰斗
8517,笹山 貴哉
8520,杉本 慶
8529,鵤 誠司
8532,北川 弘
8537,坂井 レオ
8557,村越 圭佑
8561,平尾 充庸
8565,太田 敦也
8568,鈴木 達也
8579,マイケル・パーカー
8580,西村 文男
8582,荒尾 岳
8583,石井 講祐
8584,原 修太
8585,小野 龍猛
8587,橋本 竜馬
8588,柏木 真介
8589,比江島 慎
8590,狩俣 昌也
8591,アイザック・バッツ
8592,金丸 晃輔
8593,ギャビン・エドワーズ
8594,長谷川 智也
8597,市岡 ショーン
8608,トーマス・ケネディ
8649,ライアン・ロシター
8650,田臥 勇太
8654,津山 尚大
8655,岸本 隆一
8656,田代 直希
8657,喜多川 修平
8658,山内 盛久
8662,満原 優樹
8677,菅野 翔太
8683,相馬 卓弥
8690,合田 怜
8701,橋本 拓哉
8726,竹内 公輔
8727,川嶋 勇人
8734,白濱 僚祐
8736,藤永 佳昭
8737,船生 誠也
8738,張本 天傑
8739,中務 敏宏
8756,小野寺 祥太
8835,ジェフ・ギブス
8839,岡本 飛竜
9031,ザック・バランスキー
9032,菊地 祥平
9033,竹内 譲次
9037,田中 大貴
9040,ダバンテ・ガードナー
9044,福澤 晃平
9055,富樫 勇樹
9063,ジョシュ・ハレルソン
9214,横塚 蛍
9220,田村 晋
9259,エドワード・モリス
9283,小阪 彰久
9310,山下 泰弘
9329,渡辺 竜之佑
9340,チェハーレス・タプスコット
9345,ウィリアムス ニカ
9369,河田 チリジ
9398,ジェフリー・パーマー
9405,森川 正明
9418,エヴァンス ルーク
9435,カイル・リチャードソン
9456,小寺 ハミルトンゲイリー
9489,並里 成
