season_id,club_id,venue_id,games,share,source
2016-17-B1,692,221,24,0.8000,
2016-17-B1,693,185,24,0.8000,
2016-17-B1,694,232,24,0.8000,
2016-17-B1,695,211,24,0.8000,
2016-17-B1,696,224,24,0.8000,
2016-17-B1,697,169,24,0.8000,
2016-17-B1,698,220,24,0.8000,
2016-17-B1,699,227,24,0.8000,
2016-17-B1,700,230,24,0.8000,
2016-17-B1,701,291,28,0.9333,
2016-17-B1,702,47,23,0.7667,
2016-17-B1,703,7,29,0.8286,
2016-17-B1,704,3,24,0.8000,
2016-17-B1,706,2,25,0.7812,
2016-17-B1,726,280,24,0.8000,
2016-17-B1,727,8,27,0.7500,
2016-17-B1,728,4,26,0.8125,
2016-17-B1,729,12,24,0.8000,
2017-18-B1,694,232,22,0.7333,
2017-18-B1,695,211,22,0.7333,
2017-18-B1,696,224,24,0.8000,
2017-18-B1,697,169,22,0.7333,
2017-18-B1,698,220,26,0.8667,
2017-18-B1,699,227,22,0.7333,
2017-18-B1,700,230,24,0.8000,
2017-18-B1,701,291,29,0.8788,
2017-18-B1,702,47,24,0.8000,
2017-18-B1,703,7,24,0.8000,
2017-18-B1,704,3,29,0.8286,
2017-18-B1,706,387,28,0.8750,
2017-18-B1,718,193,20,0.6667,
2017-18-B1,720,283,22,0.7333,
2017-18-B1,726,280,24,0.8000,
2017-18-B1,727,8,26,0.8667,
2017-18-B1,728,4,28,0.8235,
2017-18-B1,729,12,20,0.6667,
2018-19-B1,693,185,20,0.6667,
2018-19-B1,694,232,24,0.8000,
2018-19-B1,695,211,24,0.7500,
2018-19-B1,696,224,25,0.8333,
2018-19-B1,697,169,24,0.8000,
2018-19-B1,698,220,28,0.9333,
2018-19-B1,699,227,25,0.8333,
2018-19-B1,700,526,20,0.6667,
2018-19-B1,701,291,34,0.9444,
2018-19-B1,702,47,24,0.8000,
2018-19-B1,703,7,30,0.9375,
2018-19-B1,704,3,28,0.8000,
2018-19-B1,706,387,26,0.8667,
2018-19-B1,726,280,26,0.8667,
2018-19-B1,727,8,28,0.9333,
2018-19-B1,728,4,24,0.8000,
2018-19-B1,729,479,25,0.8333,
2018-19-B1,753,510,19,0.6333,
2019-20-B1,693,185,14,0.7000,
2019-20-B1,694,232,17,0.8947,
2019-20-B1,695,211,16,0.8000,
2019-20-B1,696,224,16,0.8000,
2019-20-B1,697,169,15,0.7895,
2019-20-B1,698,220,16,0.7273,
2019-20-B1,699,227,16,0.8000,
2019-20-B1,700,526,14,0.6364,
2019-20-B1,701,291,19,0.9048,
2019-20-B1,702,47,19,0.9048,
2019-20-B1,703,7,16,0.8889,
2019-20-B1,704,3,17,0.8095,
2019-20-B1,706,387,19,0.9048,
2019-20-B1,720,283,16,0.7619,
2019-20-B1,726,280,18,0.8571,
2019-20-B1,727,8,19,0.9500,
2019-20-B1,728,4,20,0.9091,
2019-20-B1,729,479,19,1.0000,
2020-21-B1,693,185,24,0.8276,
2020-21-B1,694,232,23,0.7667,
2020-21-B1,695,211,23,0.8519,
2020-21-B1,696,224,24,0.8000,
2020-21-B1,697,169,24,0.8000,
2020-21-B1,698,220,23,0.7931,
2020-21-B1,699,227,26,0.9286,
2020-21-B1,700,526,30,1.0000,
2020-21-B1,701,291,21,0.6562,
2020-21-B1,702,47,23,0.7931,
2020-21-B1,703,7,30,0.8108,
2020-21-B1,704,3,28,0.9333,
2020-21-B1,706,387,29,1.0000,
2020-21-B1,716,250,19,0.7308,
2020-21-B1,720,283,22,0.7333,
2020-21-B1,721,116,20,0.7143,
2020-21-B1,726,280,23,0.7667,
2020-21-B1,727,8,30,1.0000,
2020-21-B1,728,4,27,0.9310,
2020-21-B1,729,479,24,0.9231,
2021-22-B1,693,185,22,0.8462,
2021-22-B1,694,232,20,0.7143,
2021-22-B1,695,211,23,0.8519,
2021-22-B1,696,224,25,0.8621,
2021-22-B1,697,169,23,0.7931,
2021-22-B1,698,220,25,0.8621,
2021-22-B1,699,227,27,1.0000,
2021-22-B1,700,526,26,0.9630,
2021-22-B1,701,100005,32,0.9412,
2021-22-B1,702,47,26,0.8966,
2021-22-B1,703,7,23,0.8214,
2021-22-B1,704,3,28,0.9655,
2021-22-B1,706,387,26,1.0000,
2021-22-B1,712,537,24,0.8276,
2021-22-B1,713,594,25,0.9259,
2021-22-B1,716,250,22,0.8462,
2021-22-B1,720,283,27,0.8710,
2021-22-B1,721,116,20,0.7143,
2021-22-B1,726,280,23,0.7931,
2021-22-B1,727,8,32,1.0000,
2021-22-B1,728,4,23,0.8519,
2021-22-B1,729,479,18,0.8182,
2022-23-B1,692,186,24,0.8000,
2022-23-B1,693,185,28,0.9333,
2022-23-B1,694,232,25,0.8333,
2022-23-B1,695,211,29,0.9667,
2022-23-B1,696,224,26,0.8667,
2022-23-B1,697,169,22,0.7333,
2022-23-B1,698,100034,21,0.7241,
2022-23-B1,699,227,30,1.0000,
2022-23-B1,700,526,28,0.9333,
2022-23-B1,701,100005,34,1.0000,
2022-23-B1,702,47,28,0.9333,
2022-23-B1,703,7,24,0.8000,
2022-23-B1,704,3,33,0.8919,
2022-23-B1,706,100014,24,0.8000,
2022-23-B1,712,537,26,0.8667,
2022-23-B1,713,594,24,0.8000,
2022-23-B1,716,250,24,0.8000,
2022-23-B1,717,276,30,1.0000,
2022-23-B1,720,283,28,0.8485,
2022-23-B1,721,116,24,0.8276,
2022-23-B1,726,280,25,0.8333,
2022-23-B1,727,8,32,1.0000,
2022-23-B1,728,4,22,0.7333,
2022-23-B1,729,479,26,0.8667,
2023-24-B1,1638,100046,28,0.9333,
2023-24-B1,2488,100033,24,0.8000,
2023-24-B1,692,186,26,0.8667,
2023-24-B1,693,185,28,0.9333,
2023-24-B1,694,232,23,0.7667,
2023-24-B1,696,224,25,0.8333,
2023-24-B1,697,169,26,0.8125,
2023-24-B1,699,227,26,0.8667,
2023-24-B1,700,526,25,0.8333,
2023-24-B1,701,100005,33,0.9167,
2023-24-B1,702,47,30,1.0000,
2023-24-B1,703,7,22,0.6667,
2023-24-B1,704,3,28,0.9333,
2023-24-B1,706,100014,14,0.4242,
2023-24-B1,712,537,26,0.8667,
2023-24-B1,713,100045,30,1.0000,
2023-24-B1,716,250,28,0.9333,
2023-24-B1,717,276,22,0.7333,
2023-24-B1,720,283,26,0.8667,
2023-24-B1,721,116,24,0.8000,
2023-24-B1,726,280,25,0.8333,
2023-24-B1,727,8,30,1.0000,
2023-24-B1,728,4,24,0.8000,
2023-24-B1,729,479,35,1.0000,
2024-25-B1,1638,100046,28,0.9333,
2024-25-B1,2488,100070,30,1.0000,
2024-25-B1,692,221,30,1.0000,
2024-25-B1,693,185,28,0.9333,
2024-25-B1,694,232,23,0.7667,
2024-25-B1,697,169,24,0.6857,
2024-25-B1,698,100034,29,1.0000,
2024-25-B1,699,227,26,0.8667,
2024-25-B1,700,526,28,0.9333,
2024-25-B1,701,100005,19,0.5938,
2024-25-B1,702,47,26,0.8667,
2024-25-B1,703,7,22,0.5789,
2024-25-B1,704,100069,28,0.9333,
2024-25-B1,706,100014,14,0.4375,
2024-25-B1,712,537,26,0.8667,
2024-25-B1,713,100045,30,1.0000,
2024-25-B1,717,100055,15,0.5000,
2024-25-B1,720,283,28,0.9333,
2024-25-B1,721,116,25,0.8333,
2024-25-B1,726,280,24,0.8000,
2024-25-B1,727,8,30,1.0000,
2024-25-B1,728,96,17,0.5667,
2024-25-B1,729,479,30,1.0000,
2024-25-B1,745,93,25,0.8333,
2025-26-B1,1638,100046,30,1.0000,
2025-26-B1,2486,22,30,1.0000,
2025-26-B1,2488,100070,34,0.9189,
2025-26-B1,692,186,30,1.0000,
2025-26-B1,693,185,28,0.9333,
2025-26-B1,694,232,22,0.7333,
2025-26-B1,696,223,11,0.3667,
2025-26-B1,697,169,24,0.8000,
2025-26-B1,698,100034,30,1.0000,
2025-26-B1,699,227,22,0.7333,
2025-26-B1,700,526,29,0.9667,
2025-26-B1,701,100084,32,1.0000,
2025-26-B1,702,47,29,0.9667,
2025-26-B1,703,7,23,0.7188,
2025-26-B1,704,100069,32,0.9697,
2025-26-B1,706,100087,30,1.0000,
2025-26-B1,712,272,14,0.4667,
2025-26-B1,713,100045,30,1.0000,
2025-26-B1,717,276,22,0.7333,
2025-26-B1,720,240,28,0.9333,
2025-26-B1,721,116,24,0.8000,
2025-26-B1,726,280,24,0.8000,
2025-26-B1,727,100086,30,1.0000,
2025-26-B1,728,4,18,0.5625,
2025-26-B1,729,100089,30,1.0000,
2025-26-B1,745,93,25,0.8333,
2026-27-PREMIER,1638,100046,2,1.0000,
2026-27-PREMIER,2488,100070,2,1.0000,
2026-27-PREMIER,692,186,2,1.0000,
2026-27-PREMIER,699,100101,2,1.0000,
2026-27-PREMIER,702,47,2,1.0000,
2026-27-PREMIER,703,100003,2,1.0000,
2026-27-PREMIER,706,100087,2,1.0000,
2026-27-PREMIER,712,537,2,1.0000,
2026-27-PREMIER,713,100045,2,1.0000,
2026-27-PREMIER,716,250,2,1.0000,
2026-27-PREMIER,718,100075,2,1.0000,
2026-27-PREMIER,726,100087,2,1.0000,
2026-27-PREMIER,727,100086,2,1.0000,
