venue_id,name,prefecture,lat,lng,address,source
2,国立代々木競技場第二体育館,東京都,35.668793,139.701874,東京都渋谷区神南2-1-1,国土地理院 住所検索（https://msearch.gsi.go.jp/）
3,船橋アリーナ,千葉県,35.729637,140.052017,千葉県船橋市習志野台7-5-1,国土地理院 住所検索（https://msearch.gsi.go.jp/）
4,ウィングアリーナ刈谷,愛知県,35.018227,137.011688,愛知県刈谷市築地町荒田1,国土地理院 住所検索（https://msearch.gsi.go.jp/）
7,ブレックスアリーナ宇都宮,栃木県,36.560921,139.911835,栃木県宇都宮市元今泉5-6-18,国土地理院 住所検索（https://msearch.gsi.go.jp/）
8,川崎市とどろきアリーナ,神奈川県,35.586826,139.648911,神奈川県川崎市中原区等々力1-3,国土地理院 住所検索（https://msearch.gsi.go.jp/）
12,愛知県体育館,愛知県,35.183643,136.901550,名古屋市中区二の丸1-1,国土地理院 住所検索（https://msearch.gsi.go.jp/）
14,大田区総合体育館,東京都,35.564369,139.727203,東京都大田区東蒲田1-11-1,国土地理院 住所検索（https://msearch.gsi.go.jp/）
18,帯広市総合体育館,北海道,42.932526,143.203918,帯広市大通北1丁目,国土地理院 住所検索（https://msearch.gsi.go.jp/）
21,岡崎中央総合公園総合体育館,愛知県,34.946449,137.220749,岡崎市高隆寺町峠1,国土地理院 住所検索（https://msearch.gsi.go.jp/）
22,千葉ポートアリーナ,千葉県,35.603249,140.112152,千葉県千葉市中央区問屋町1-20,国土地理院 住所検索（https://msearch.gsi.go.jp/）
23,栃木県立県南体育館,栃木県,36.299534,139.782578,小山市外城371-1,国土地理院 住所検索（https://msearch.gsi.go.jp/）
24,墨田区総合体育館,東京都,35.698021,139.815079,東京都墨田区錦糸4-15-1,国土地理院 住所検索（https://msearch.gsi.go.jp/）
26,横須賀アリーナ,神奈川県,35.268318,139.663284,横須賀市不入斗町1-2,国土地理院 住所検索（https://msearch.gsi.go.jp/）
29,パークアリーナ小牧,愛知県,35.305611,136.921677,愛知県小牧市間々原新田737,国土地理院 住所検索（https://msearch.gsi.go.jp/）
34,つくばカピオアリーナ,茨城県,36.078632,140.116348,茨城県つくば市竹園1-10-1,国土地理院 住所検索（https://msearch.gsi.go.jp/）
37,鹿沼総合体育館フォレストアリーナ,栃木県,36.509296,139.797318,栃木県鹿沼市下石川694-1,国土地理院 住所検索（https://msearch.gsi.go.jp/）
47,北海きたえーる,北海道,43.043945,141.376465,北海道札幌市豊平区豊平5条11-1-1,国土地理院 住所検索（https://msearch.gsi.go.jp/）
49,スカイホール豊田,愛知県,35.082047,137.163376,愛知県豊田市八幡町1-20,国土地理院 住所検索（https://msearch.gsi.go.jp/）
53,栃木県立県北体育館,栃木県,36.860409,140.003372,栃木県大田原市美原3-2-62,国土地理院 住所検索（https://msearch.gsi.go.jp/）
56,トッケイセキュリティ平塚総合体育館,神奈川県,35.340607,139.344925,神奈川県平塚市大原1-1,国土地理院 住所検索（https://msearch.gsi.go.jp/）
69,加古川市立総合体育館,兵庫県,34.808510,134.822540,兵庫県加古川市西神吉町鼎1010,国土地理院 住所検索（https://msearch.gsi.go.jp/）
92,駒沢オリンピック公園総合運動場体育館,東京都,35.626083,139.657501,東京都世田谷区駒沢公園1-1,国土地理院 住所検索（https://msearch.gsi.go.jp/）
93,越谷市立総合体育館,埼玉県,35.903126,139.813766,埼玉県越谷市増林2丁目33,国土地理院 住所検索（https://msearch.gsi.go.jp/）
96,刈谷市体育館,愛知県,34.991062,136.985016,愛知県刈谷市逢妻町4丁目32,国土地理院 住所検索（https://msearch.gsi.go.jp/）
115,広島グリーンアリーナ,広島県,34.399746,132.456482,広島県広島市中区基町4-1,国土地理院 住所検索（https://msearch.gsi.go.jp/）
116,広島サンプラザホール,広島県,34.370865,132.394455,広島県広島市西区商工センター3丁目1番1号,国土地理院 住所検索（https://msearch.gsi.go.jp/）
127,旭川市総合体育館,北海道,43.791981,142.377365,旭川市花咲町5丁目4040-19,国土地理院 住所検索（https://msearch.gsi.go.jp/）
134,ゆうばり文化スポーツセンター,北海道,43.030319,141.964188,北海道夕張市若菜2,国土地理院 住所検索（https://msearch.gsi.go.jp/）
151,名古屋市中村スポーツセンター,愛知県,35.174179,136.857040,愛知県名古屋市中村区中村町字待屋43-1,国土地理院 住所検索（https://msearch.gsi.go.jp/）
160,東京体育館,東京都,35.680050,139.713501,東京都渋谷区千駄ヶ谷1-17-1,国土地理院 住所検索（https://msearch.gsi.go.jp/）
162,国立代々木競技場第一体育館,東京都,35.668793,139.701874,渋谷区神南2-1-1,国土地理院 住所検索（https://msearch.gsi.go.jp/）
169,豊橋市総合体育館,愛知県,34.754406,137.323517,愛知県豊橋市神野新田町字メノ割1-3(総合スポーツ公園内),国土地理院 住所検索（https://msearch.gsi.go.jp/）
181,横浜文化体育館,神奈川県,35.441059,139.636475,神奈川県横浜市中区不老町2丁目7番1,国土地理院 住所検索（https://msearch.gsi.go.jp/）
184,函館アリーナ,北海道,41.769032,140.728226,函館市東雲町4番13号,国土地理院 住所検索（https://msearch.gsi.go.jp/）
185,ＣＮＡアリーナ★あきた,秋田県,39.724075,140.088913,秋田県秋田市八橋本町6丁目12-20,国土地理院 住所検索（https://msearch.gsi.go.jp/）
186,ゼビオアリーナ仙台,宮城県,38.228714,140.888443,宮城県仙台市太白区あすと長町1丁目4-10,国土地理院 住所検索（https://msearch.gsi.go.jp/）
191,福岡市民体育館,福岡県,33.603306,130.416168,福岡県福岡市博多区東公園8番2号,国土地理院 住所検索（https://msearch.gsi.go.jp/）
193,西宮市立中央体育館,兵庫県,34.748631,135.345627,兵庫県西宮市河原町1-24,国土地理院 住所検索（https://msearch.gsi.go.jp/）
209,キッコーマン アリーナ（流山市民総合体育館）,千葉県,35.859825,139.922989,千葉県流山市野々下1丁目40-1,国土地理院 住所検索（https://msearch.gsi.go.jp/）
211,シティホールプラザアオーレ長岡,新潟県,37.446819,138.851379,新潟県長岡市大手通1-4-10,国土地理院 住所検索（https://msearch.gsi.go.jp/）
220,ウカルちゃんアリーナ,滋賀県,35.004795,135.886612,滋賀県大津市におの浜4-2-12,国土地理院 住所検索（https://msearch.gsi.go.jp/）
221,カメイアリーナ仙台,宮城県,38.217796,140.869003,宮城県仙台市太白区富沢1丁目4番1号,国土地理院 住所検索（https://msearch.gsi.go.jp/）
222,田辺中央体育館,京都府,34.814964,135.766464,京都府京田辺市田辺丸山19番地,国土地理院 住所検索（https://msearch.gsi.go.jp/）
223,富山県総合体育センター,富山県,36.644718,137.190460,富山県富山市秋ケ島183(富山きときと空港),国土地理院 住所検索（https://msearch.gsi.go.jp/）
224,富山市総合体育館,富山県,36.707050,137.214905,富山県富山市湊入船町12番1号,国土地理院 住所検索（https://msearch.gsi.go.jp/）
225,新潟市東総合スポーツセンター,新潟県,37.914753,139.103912,新潟県新潟市東区はなみずき3丁目4番1号,国土地理院 住所検索（https://msearch.gsi.go.jp/）
226,浜松アリーナ,静岡県,34.710808,137.726303,静岡県浜松市東区和田町808-1,国土地理院 住所検索（https://msearch.gsi.go.jp/）
227,ハンナリーズアリーナ,京都府,34.993237,135.714676,京都府京都市右京区西京極新明町1,国土地理院 住所検索（https://msearch.gsi.go.jp/）
228,彦根市民体育センター,滋賀県,35.282337,136.255829,滋賀県彦根市松原町3751-7,国土地理院 住所検索（https://msearch.gsi.go.jp/）
229,府中市郷土の森体育館,東京都,35.657131,139.478149,東京都府中市矢崎町5丁目5,国土地理院 住所検索（https://msearch.gsi.go.jp/）
230,府民共済SUPERアリーナ,大阪府,34.665604,135.398575,大阪市此花区北港緑地2-2-15,国土地理院 住所検索（https://msearch.gsi.go.jp/）
231,守山市民体育館,滋賀県,35.065960,135.978943,滋賀県守山市三宅町100,国土地理院 住所検索（https://msearch.gsi.go.jp/）
232,横浜国際プール,神奈川県,35.564510,139.593933,神奈川県横浜市都筑区北山田7-3-1,国土地理院 住所検索（https://msearch.gsi.go.jp/）
233,リージョンプラザ上越,新潟県,37.154148,138.251740,新潟県上越市下門前446-2,国土地理院 住所検索（https://msearch.gsi.go.jp/）
234,三重県営サンアリーナ,三重県,34.475960,136.779724,三重県伊勢市朝熊町字鴨谷4383-4,国土地理院 住所検索（https://msearch.gsi.go.jp/）
235,サンエイワーク住吉スポーツセンター,大阪府,34.592316,135.512070,大阪市住吉区浅香1-8-15,国土地理院 住所検索（https://msearch.gsi.go.jp/）
236,池田市五月山体育館,大阪府,34.828270,135.428604,大阪府池田市綾羽2丁目7番1号,国土地理院 住所検索（https://msearch.gsi.go.jp/）
237,舞鶴文化公園体育館,京都府,35.457020,135.337479,京都府舞鶴市字上安久420,国土地理院 住所検索（https://msearch.gsi.go.jp/）
240,島根県立浜山体育館（カミアリーナ）,島根県,35.381824,132.703369,島根県出雲市大社町北荒木1868-10,国土地理院 住所検索（https://msearch.gsi.go.jp/）
250,ホワイトリング,長野県,36.605000,138.205994,長野県長野市真島町真島2268-1,国土地理院 住所検索（https://msearch.gsi.go.jp/）
255,安来市民体育館,島根県,35.424561,133.248489,島根県安来市安来町1337番地1,国土地理院 住所検索（https://msearch.gsi.go.jp/）
267,鹿島総合体育館,島根県,35.523239,132.993057,島根県松江市鹿島町佐陀本郷76,国土地理院 住所検索（https://msearch.gsi.go.jp/）
269,松本市総合体育館,長野県,36.256695,137.980820,長野県松本市美須々5-1,国土地理院 住所検索（https://msearch.gsi.go.jp/）
272,日立市池の川さくらアリーナ,茨城県,36.574886,140.643723,茨城県日立市東成沢町2-15-1 日立市市民運動公園陸上競技場内,国土地理院 住所検索（https://msearch.gsi.go.jp/）
276,名古屋市枇杷島スポーツセンター,愛知県,35.188221,136.874786,愛知県名古屋市西区枇杷島1丁目1番2号,国土地理院 住所検索（https://msearch.gsi.go.jp/）
278,米子産業体育館,鳥取県,35.452991,133.348068,鳥取県米子市東福原8丁目27-1,国土地理院 住所検索（https://msearch.gsi.go.jp/）
280,青山学院記念館,東京都,35.661800,139.708862,東京都渋谷区渋谷4-4-25,国土地理院 住所検索（https://msearch.gsi.go.jp/）
281,能代市総合体育館,秋田県,40.215267,140.026260,秋田県能代市大町9-53,国土地理院 住所検索（https://msearch.gsi.go.jp/）
282,宜野湾市立体育館,沖縄県,26.281324,127.735092,沖縄県宜野湾市真志喜4丁目2-1,国土地理院 住所検索（https://msearch.gsi.go.jp/）
283,松江市総合体育館,島根県,35.472424,133.065674,島根県松江市学園南1丁目21-1,国土地理院 住所検索（https://msearch.gsi.go.jp/）
287,島根県立体育館,島根県,34.902763,132.093964,島根県浜田市黒川町3735,国土地理院 住所検索（https://msearch.gsi.go.jp/）
291,沖縄市体育館,沖縄県,26.333038,127.788551,沖縄県沖縄市諸見里2-1-1,国土地理院 住所検索（https://msearch.gsi.go.jp/）
294,飯塚第１体育館,福岡県,33.637032,130.672928,福岡県飯塚市枝国666-11,国土地理院 住所検索（https://msearch.gsi.go.jp/）
312,一宮市総合体育館,愛知県,35.358624,136.799652,愛知県一宮市光明寺字白山前20番地,国土地理院 住所検索（https://msearch.gsi.go.jp/）
342,アイル・アリーナ ウイング・ハット春日部,埼玉県,35.950619,139.750778,埼玉県春日部市谷原新田1557-1,国土地理院 住所検索（https://msearch.gsi.go.jp/）
343,秋田県立体育館,秋田県,39.719410,140.093933,秋田市八橋運動公園1-12,国土地理院 住所検索（https://msearch.gsi.go.jp/）
349,鳥取県民体育館,鳥取県,35.501266,134.181396,鳥取県鳥取市布施146-1,国土地理院 住所検索（https://msearch.gsi.go.jp/）
353,向日市民体育館,京都府,34.946667,135.712723,京都府向日市森本町小柳23-1,国土地理院 住所検索（https://msearch.gsi.go.jp/）
367,姫路市立中央体育館,兵庫県,34.822617,134.673264,姫路市西延末90,国土地理院 住所検索（https://msearch.gsi.go.jp/）
369,タクミアリーナ,秋田県,40.293369,140.593460,秋田県大館市上代野字八幡岱29-4,国土地理院 住所検索（https://msearch.gsi.go.jp/）
387,アリーナ立川立飛,東京都,35.715893,139.404343,東京都立川市泉町500-4,国土地理院 住所検索（https://msearch.gsi.go.jp/）
389,豊川市総合体育館,愛知県,34.827995,137.370529,愛知県豊川市 諏訪3丁目 246 番地,国土地理院 住所検索（https://msearch.gsi.go.jp/）
390,宝塚市立スポーツセンター,兵庫県,34.801941,135.363022,兵庫県宝塚市小浜1丁目1番11号,国土地理院 住所検索（https://msearch.gsi.go.jp/）
392,エディオンアリーナ大阪(大阪府立体育会館),大阪府,34.662735,135.499084,大阪府大阪市浪速区難波中3-4-36,国土地理院 住所検索（https://msearch.gsi.go.jp/）
428,湿原の風アリーナ釧路,北海道,43.045086,144.404251,北海道釧路市広里18番地 大規模運動公園内,国土地理院 住所検索（https://msearch.gsi.go.jp/）
429,黒部市総合体育センター,富山県,36.881840,137.425232,富山県黒部市堀切1142,国土地理院 住所検索（https://msearch.gsi.go.jp/）
452,島津アリーナ,京都府,35.025517,135.728378,京都市北区大将軍鷹司町,国土地理院 住所検索（https://msearch.gsi.go.jp/）
463,さいたまスーパーアリーナ,埼玉県,35.896194,139.630676,埼玉県さいたま市中央区新都心8,国土地理院 住所検索（https://msearch.gsi.go.jp/）
464,駒沢オリンピック公園 屋内球技場,東京都,35.626083,139.657501,東京都世田谷区駒沢公園1-1,国土地理院 住所検索（https://msearch.gsi.go.jp/）
475,Asueアリーナ大阪（大阪市中央体育館）,大阪府,34.659058,135.446579,大阪府大阪市港区田中3-1-40,国土地理院 住所検索（https://msearch.gsi.go.jp/）
478,横浜アリーナ,神奈川県,35.512280,139.620102,神奈川県横浜市港北区新横浜3丁目10番地,国土地理院 住所検索（https://msearch.gsi.go.jp/）
479,ドルフィンズアリーナ,愛知県,35.183643,136.901550,愛知県名古屋市中区二の丸1-1,国土地理院 住所検索（https://msearch.gsi.go.jp/）
481,武蔵野の森総合スポーツプラザ,東京都,35.666344,139.522690,東京都調布市西町290-11,国土地理院 住所検索（https://msearch.gsi.go.jp/）
509,久留米アリーナ,福岡県,33.321548,130.530457,福岡県久留米市東櫛原町170-1,国土地理院 住所検索（https://msearch.gsi.go.jp/）
510,照葉積水ハウスアリーナ,福岡県,33.667728,130.417389,福岡県福岡市東区香椎照葉六丁目1番1号,国土地理院 住所検索（https://msearch.gsi.go.jp/）
512,ことぶきアリーナ千曲,長野県,36.530586,138.114395,長野県千曲市杭瀬下2丁目1,国土地理院 住所検索（https://msearch.gsi.go.jp/）
519,富山県西部体育センター,富山県,36.641811,137.000000,富山県砺波市柳瀬241,国土地理院 住所検索（https://msearch.gsi.go.jp/）
520,ナイスアリーナ（由利本荘アリーナ）,秋田県,39.396885,140.028717,秋田県由利本荘市石脇字田尻野18番地,国土地理院 住所検索（https://msearch.gsi.go.jp/）
526,おおきにアリーナ舞洲,大阪府,34.665604,135.398575,大阪府大阪市此花区北港緑地2-2-15,国土地理院 住所検索（https://msearch.gsi.go.jp/）
537,アダストリアみとアリーナ,茨城県,36.381058,140.448593,茨城県水戸市緑町2-3-10,国土地理院 住所検索（https://msearch.gsi.go.jp/）
546,YMITアリーナ,滋賀県,35.025043,135.953247,滋賀県草津市野村3丁目3-27,国土地理院 住所検索（https://msearch.gsi.go.jp/）
548,北ガスアリーナ札幌46,北海道,43.067860,141.364334,北海道札幌市中央区北4条東6丁目,国土地理院 住所検索（https://msearch.gsi.go.jp/）
550,かみす防災アリーナ,茨城県,35.890221,140.657349,茨城県神栖市木崎1219番7,国土地理院 住所検索（https://msearch.gsi.go.jp/）
555,SAGAプラザ,佐賀県,33.277782,130.292999,佐賀県佐賀市日の出1丁目21-15,国土地理院 住所検索（https://msearch.gsi.go.jp/）
560,唐津市文化体育館,佐賀県,33.432835,129.989380,佐賀県唐津市和多田大土井1番1号,国土地理院 住所検索（https://msearch.gsi.go.jp/）
594,太田市運動公園市民体育館,群馬県,36.274666,139.393875,群馬県太田市飯塚町1059-1,国土地理院 住所検索（https://msearch.gsi.go.jp/）
625,よつ葉アリーナ十勝,北海道,42.932404,143.203476,北海道帯広市大通北1丁目1番地,国土地理院 住所検索（https://msearch.gsi.go.jp/）
627,豊田合成記念体育館（エントリオ）,愛知県,35.254486,136.821320,愛知県稲沢市下津北山1-16-4,国土地理院 住所検索（https://msearch.gsi.go.jp/）
630,エフピコアリーナふくやま,広島県,34.466312,133.368225,広島県福山市千代田町1丁目1番2号,国土地理院 住所検索（https://msearch.gsi.go.jp/）
647,横浜武道館,神奈川県,35.439571,139.636307,神奈川県横浜市中区翁町2丁目9番地10,国土地理院 住所検索（https://msearch.gsi.go.jp/）
100003,日環アリーナ栃木メインアリーナ,栃木県,36.510708,139.858582,栃木県宇都宮市西川田4丁目1-1(県警機動センター跡地),国土地理院 住所検索（https://msearch.gsi.go.jp/）
100005,沖縄アリーナ,沖縄県,26.332832,127.783607,沖縄県沖縄市山内1丁目16-1,国土地理院 住所検索（https://msearch.gsi.go.jp/）
100006,横浜武道館,神奈川県,35.439571,139.636307,神奈川県横浜市中区翁町2丁目9番地10,国土地理院 住所検索（https://msearch.gsi.go.jp/）
100013,ALSOKぐんまアリーナ,群馬県,36.436520,139.040268,群馬県前橋市関根町800番地,国土地理院 住所検索（https://msearch.gsi.go.jp/）
100014,国立代々木競技場　第一体育館,東京都,35.668793,139.701874,東京都渋谷区神南2-1-1,国土地理院 住所検索（https://msearch.gsi.go.jp/）
100030,アイシン体育館,愛知県,35.000423,137.016357,愛知県刈谷市朝日町2丁目1,国土地理院 住所検索（https://msearch.gsi.go.jp/）
100033,長崎県立総合体育館,長崎県,32.778114,129.855515,長崎県長崎市油木町7-1,国土地理院 住所検索（https://msearch.gsi.go.jp/）
100034,滋賀ダイハツアリーナ,滋賀県,34.946659,135.960632,滋賀県大津市上田上中野町779番地,国土地理院 住所検索（https://msearch.gsi.go.jp/）
100037,佐世保市体育文化館,長崎県,33.173004,129.724899,長崎県佐世保市光月町6-17,国土地理院 住所検索（https://msearch.gsi.go.jp/）
100038,諫早市中央体育館,長崎県,32.839813,130.035782,長崎県諫早市小船越町1048-2,国土地理院 住所検索（https://msearch.gsi.go.jp/）
100039,シーハットおおむら,長崎県,32.901123,129.951385,長崎県大村市幸町25-33,国土地理院 住所検索（https://msearch.gsi.go.jp/）
100042,プロシードアリーナHIKONE,滋賀県,35.249386,136.248535,彦根市小泉町640番地,国土地理院 住所検索（https://msearch.gsi.go.jp/）
100043,ありそドーム,富山県,36.830238,137.400742,富山県魚津市北鬼江2898,国土地理院 住所検索（https://msearch.gsi.go.jp/）
100045,オープンハウスアリーナ太田,群馬県,36.274666,139.393875,群馬県太田市飯塚町1059-1,国土地理院 住所検索（https://msearch.gsi.go.jp/）
100046,SAGAアリーナ,佐賀県,33.275669,130.291061,佐賀県佐賀市日の出2丁目1番10号,国土地理院 住所検索（https://msearch.gsi.go.jp/）
100053,有明コロシアム,東京都,35.635334,139.788162,東京都江東区有明2丁目2,国土地理院 住所検索（https://msearch.gsi.go.jp/）
100054,横浜BUNTAI,神奈川県,35.441059,139.636475,神奈川県横浜市中区不老町2丁目7番1,国土地理院 住所検索（https://msearch.gsi.go.jp/）
100055,名古屋市稲永スポーツセンター,愛知県,35.079033,136.850189,愛知県名古屋市港区野跡5丁目1番10号,国土地理院 住所検索（https://msearch.gsi.go.jp/）
100069,LaLa arena TOKYO-BAY,千葉県,35.684605,139.987000,千葉県船橋市浜町2丁目5番15号,国土地理院 住所検索（https://msearch.gsi.go.jp/）
100070,ハピネスアリーナ,長崎県,32.759331,129.864700,長崎県長崎市幸町7番1号,国土地理院 住所検索（https://msearch.gsi.go.jp/）
100075,GLION ARENA KOBE,兵庫県,34.680790,135.196030,兵庫県神戸市中央区新港町2-3,国土地理院 住所検索（https://msearch.gsi.go.jp/）
100080,岡崎中央総合公園総合体育館(武道館),愛知県,34.946449,137.220749,愛知県岡崎市高隆寺町峠1,国土地理院 住所検索（https://msearch.gsi.go.jp/）
100084,沖縄サントリーアリーナ,沖縄県,26.332832,127.783607,沖縄県沖縄市山内1丁目16-1,国土地理院 住所検索（https://msearch.gsi.go.jp/）
100086,東急ドレッセとどろきアリーナ,神奈川県,35.586826,139.648911,神奈川県川崎市中原区等々力1-3,国土地理院 住所検索（https://msearch.gsi.go.jp/）
100087,TOYOTA ARENA TOKYO,東京都,35.627411,139.783157,東京都江東区青海一丁目3番1号,国土地理院 住所検索（https://msearch.gsi.go.jp/）
100088,ひがしんアリーナ(墨田区総合体育館),東京都,35.698021,139.815079,東京都墨田区錦糸4-15-1,国土地理院 住所検索（https://msearch.gsi.go.jp/）
100089,IGアリーナ,愛知県,35.189117,136.901443,愛知県名古屋市北区名城1丁目4-1,国土地理院 住所検索（https://msearch.gsi.go.jp/）
100090,大浜だいしんアリーナ(堺市大浜体育館),大阪府,34.581688,135.459381,大阪府堺市堺区大浜北町5丁目7番1号,国土地理院 住所検索（https://msearch.gsi.go.jp/）
100099,一宮市総合体育館(いちい信金アリーナ),愛知県,35.358624,136.799652,愛知県一宮市光明寺字白山前20番地愛知県一宮市光明寺字白山前20番地,国土地理院 住所検索（https://msearch.gsi.go.jp/）
100101,にっしんでんきアリーナ京都(京都市体育館),京都府,34.993237,135.714676,京都府京都市右京区西京極新明町1,国土地理院 住所検索（https://msearch.gsi.go.jp/）
